[
    [
        {
            "pH": 7.84,
            "냄새": "무취",
            "맛": "무미",
            "색도": 0,
            "잔류염소": 0.83,
            "탁도": 0.059
        }
    ],
    [
        {
            "pH": 7.76,
            "냄새": "무취",
            "맛": "무미",
            "색도": 0,
            "잔류염소": 0.87,
            "탁도": 0.068
        }
    ],
    [
        {
            "pH": 7.78,
            "냄새": "무취",
            "맛": "무미",
            "색도": 0,
            "잔류염소": 0.82,
            "탁도": 0.049
        }
    ],
    [
        {
            "pH": "7.50",
            "냄새": "무취",
            "맛": "무미",
            "색도": 0,
            "잔류염소": "0.80",
            "탁도": 0.045
        }
    ],
    [
        {
            "pH": 7.38,
            "냄새": "무취",
            "맛": "무미",
            "색도": 0,
            "잔류염소": 0.98,
            "탁도": 0.028
        }
    ],
    [
        {
            "pH": "7.80",
            "냄새": "무취",
            "맛": "무미",
            "색도": 0,
            "잔류염소": "0.90",
            "탁도": 0.051
        }
    ],
    [
        {
            "pH": 7.65,
            "냄새": "무취",
            "맛": "무미",
            "색도": 0,
            "잔류염소": "0.90",
            "탁도": 0.044
        }
    ],
    [
        {
            "pH": 7.84,
            "냄새": "무취",
            "맛": "무미",
            "색도": 0,
            "잔류염소": 0.95,
            "탁도": 0.071
        }
    ],
    null,
    [
        {
            "pH": 7.41,
            "냄새": "무취",
            "맛": "무미",
            "색도": "불검출",
            "잔류염소": 0.82,
            "탁도": 0.073
        }
    ]
]