[
    {
        "TEXT": "경기 오산시가 오산시 시설관리공단 및 오산시민 햇빛발전 사회적협동조합과 신재생에너지 확대 보급을 위한 협약을 체결했다고 20일 밝혔다.\n오산시는 지난 6월4일 환경의 날을 기념해 오산시 사회단체 회장 100여 명이 모여 ‘탄소중립도시 오산!’을 선포한 바 있다. 시는 지구온난화 주범인 온실가스를 감축하기 위해 도심 곳곳에 온실가스 흡수원인 크고 작은 정원을 조성하는 ‘도시정원 1004 프로젝트’를 추진하고 있다.\n이외에도 화학연료 사용을 줄이는 방안인 신재생 에너지 확대·보급을 위해 지난 2017년 시민 주도로 ‘오산시민 햇빛발전 사회적 협동조합’을 설립해 유휴시설 옥상에 태양광 발전소 6기를 설치했다.\n앞으로 오산시와 오산시 시설관리공단이 유휴공간을 찾아 제공하면 오산시민 햇빛발전 사회적협동조합은 태양광 발전소를 설치하는 방식으로 민관 협력이 더욱 긴밀해질 것으로 전망된다. \n오산시민 햇빛발전 사회적협동조합은 그동안 태양광 발전소에서 발생한 전력 판매 수익금을 오산시 복지증진을 위해 매년 기부해 왔다. 권경태 이사장은 “탄소중립을 위한 신재생에너지의 보급과 에너지 절감을 위한 사업을 발굴해 오산시가 선도적인 탄소중립도시를 이룩하는 데 조그만 힘이라도 일조하겠다”고 강조했다.\n오산시가 환경부에서 실시한 2021 수도사업 운영·관리실태 평가에서 2년 연속 최우수기관으로 선정됐다.\n수도사업 운영·관리실태 평가는 환경부가 전국 161개 수도사업자를 총인구 기준 5개 그룹으로 나누고, K-Water 7개 지역본부를 포함한 7개 그룹으로 분류 평가해 실시했다.\n시는 수돗물 음용률 제고를 위한 온라인 홍보강화, 수돗물 유충대응 전국우수사례 소개 등 시책을 마련했다. 또한 지방상수도 현대화 사업을 통한 노후수도관 교체, 수돗물 공급과정에 ICT 기술의 감시체계를 구축하는 스마트관망관리 인프라 구축사업 등으로 높은 평가를 받아 최우수 수도사업자로 선정됐다.\n특히 오산시는 최근 2년간 환경부 일반수도사업 운영관리 실태점검 2년 연속 최우수상을 수상하고, 2년 주기로 실시하는 2021년 행안부 지방공기업 경영평가에서도 최우수 등급을 받는 등 상수도관련 전국단위 평가를 모두 석권하는 성과를 거뒀다. 최근에는 혐오시설 취급을 받던 하수종말처리장을 쾌적하게 복개해 ‘반려동물 테마파크’가 들어서기도 했다.\n곽상욱 시장은 “오산시가 교육 분야에서 뿐만 아니라, 상수도 분야에서도 전국최고 수준에 도달하게 됐다”면서, “이번 성과에 만족하지 않고 더욱 노력하여, 무엇보다도 시민들이 깨끗하고 맑은 물을 공급받아 마실 수 있도록 상수도행정에 만전을 기하겠다”고 밝혔다.\n\n◇시, 올해 보건·복지관련 13개 부문 수상…한 해 기준 최다 기록\n오산시가 올해 보건·복지 등 지역사업과 관련된 13개 부문에서 수상하는 성과를 거뒀다.\n시는 최근 보건복지부 지역복지사업 평가에서 ‘찾아가는 보건복지서비스 제공’ 부문 대상, 복지사각 발굴 등 4개 부문 최우수상 등 13개 부문에서 수상했으며 이는 오산시 한 해 기준 최다 기록이다.\n지역복지사업 평가는 보건복지부가 전국 기초자치단체의 복지사업을 점검하고 우수사례를 발굴·전파하기 위해 매년 실시된다.\n앞서 오산시는 행정서비스 중심의 동 기능강화를 위해 모든 동에 ‘찾아가는 보건복지 서비스 전담팀’을 꾸리고 사회복지 전문 인력을 대폭 증원·배치하는 등 조직적으로 보건복지 서비스를 확대해 왔다.\n이처럼 복지사각지대를 해소하려는 노력을 기울인 덕분에 시는 ‘찾아가는 보건복지서비스 제공’ 부문에서 대상을 차지했다.\n또한 이같은 노력의 결실로 ‘민관협력 및 자원연계’ 부문에서 보건복지부 최우수상을, ‘희망복지지원단 운영’ 부문에서 보건복지부 우수상을 수상하기도 했다. ‘행복e음 시스템 핵심요원 활동 우수’ 부문에서 보건복지부 우수상을 수상하며 공공·민간 간 연계와 복지사각지대 발굴·지원 등 오산시무한돌봄센터의 운영, 행복e음 시스템활용의 선도적 역할을 수행한 점을 인정받았다.\n사회보장정보시스템(범정부) 활용 평가에서는 한국사회보장정보원과 신용회복위원회로부터 우수 유공자에 대한 표창도 함께 받게 됐다. 경기도 ‘민관협력 우수시군 평가’에서도 2년 연속 최우수상을 차지했다.\n곽상욱 시장은 “코로나19가 장기화되는 상황 가운데서도 단 한명의 시민도 포기하지 않는 ‘소외 없는 복지행정’을 목표로 묵묵히 복지현장에서 최선을 다한 결과 복지행정 대상과 6년 연속 복지행정상 수상이라는 큰 선물을 시민들께 안겨드리게 돼 매우 기쁘다”며 “오늘의 성과에 안주하지 않고 더 낮은 자세로 단 한 명의 시민도 포기하지 않고 살피고 섬겨 오산시가 전국 최고의 복지행정으로 시민들께 찾아갈 수 있도록 노력하겠다”고 다짐했다.",
        "description": "시는 <b>수돗물 음용률</b> 제고를 위한 온라인 홍보강화, <b>수돗물</b> 유충대응 전국우수사례 소개 등 시책을 마련했다.... <b>경기도</b> '민관협력 우수시군 평가'에서도 2년 연속 최우수상을 차지했다. 곽상욱 시장은 &quot;코로나19가... ",
        "title": "[오산24시] '탄소중립도시 오산!', 신재생에너지 확대 보급 모색한다"
    },
    {
        "TEXT": "경기도 오산시는 환경부에서 실시한 ‘2021 수도사업운영·관리실태평가’에서 2년 연속 최우수기관으로 선정돼 인증패 및 포상금 2000만원을 수상했다고 19일 밝혔다.\n수도사업운영·관리실태 평가는 환경부에서 전국 161개 수도사업자를 총인구 기준으로 5개 그룹으로 나누고, K-Water 7개지역본부를 포함한 7개그룹으로 분류 평가를 실시했다.\n1차 평가는 관할유역(지방) 환경청 별로 평가단을 구성해 전국 수도사업자 161개소를 대상으로 서류평가 및 현지 방문해 3개 분야 18개 항목 27개 세부항목에 대해 평가를 실시했으며, 최종평가는 환경부에서 유역(지방)환경청별로 1차평가한 결과를 토대로 종합·검증 및 정부정책에 대한 이행노력을 평가했다.\n시는 기다리는 행정이 아니라 적극적이고 능동적으로 현장을 찾아가는 정책설명회 및 고객간담회 실시, 코로나 상황 등을 감안한 수돗물음용률 제고를 위한 온라인 대민홍보 강화, 수돗물유충대응 전국우수사례 소개 등으로 인한 자체우수시책 시행과 지방상수도 현대화사업을 통한 노후수도관 교체, 수돗물 공급과정에 ICT기술의 감시체계를 구축하는 스마트관망관리 인프라구축 사업 등 정부정책의 안정적인 추진으로 높은 평가를 받았다.\n또한 시는 최근 2년간 환경부 일반수도사업 운영관리 실태 점검 2년 연속 최우수상 수상과 2년 주기로 실시하는 2021년 행안부지방공기업 경영평가에서도 최우수등급을 수상하는 등 상수도관련 전국단위 평가를 모두 석권하는 성과를 거두었다.\n곽상욱 시장은 “시가 교육분야에서 뿐만 아니라, 상수도분야에서도 전국 최고수준에 도달하게 됐다”면서, “이번 성과에 만족하지 않고 더욱더 노력하여, 무엇보다도 시민들이 깨끗하고 맑은물을 공급받아 마실수 있도록 상수도행정에 만전을 기하겠다”고 말했다.",
        "description": "<b>경기도</b> 오산시는 환경부에서 실시한 ‘2021 수도사업운영·관리실태평가’에서 2년 연속 최우수기관으로... 감안한 <b>수돗물음용률</b> 제고를 위한 온라인 대민홍보 강화, <b>수돗물</b>유충대응 전국우수사례 소개 등으로 인한... ",
        "title": "오산, 상수도행정 2년연속 최우수기관 선정"
    },
    {
        "TEXT": "경기도 양평군은 환경부 주관 ‘수도시설 운영관리 실태 점검’에서 우수기관으로 선정됐다고 19일 밝혔다.\n환경부는 전국 161개 일반 수도사업자를 대상으로 2000년부터 매년 일반 수도사업 운영 관리실태 평가를 실시하고 있다. 주요 평가 지표는 공통(28점), 운영 관리(52점), 정책(20점) 등 3개 분야 27개 항목이며, 군은 27개 항목 합산에서 상위 10% 점수를 받았다.\n3그룹(인구 5만명~20만명 39개 시군)에 속한 군은 올해 평가에서 정수장 실시간 감시제어 등 모니터링, 정수장 신증설, 수도시설 개량관리, 수돗물 안심 확인제 등 수돗물 음용률 향상과 친환경 정부정책 이행이 높은 평가를 받았다.",
        "description": "<b>경기도</b> 양평군은 환경부 주관 ‘수도시설 운영관리 실태 점검’에서 우수기관으로 선정됐다고 19일... <b>수돗물</b> 안심 확인제 등 <b>수돗물 음용률</b> 향상과 친환경 정부정책 이행이 높은 평가를 받았다. [신아일보] 양평",
        "title": "양평, 환경부 수도시설 운영관리 실태 점검 우수기관 선정"
    },
    {
        "TEXT": "경기도 오산시는 환경부가 주관한 '2021 수도사업 운영·관리실태 평가'에서 2년 연속 최우수 기관으로 선정돼 인증패와 포상금 2천만원을 받았다고 밝혔습니다.\n이 평가는 환경부가 전국 161개 수도사업자를 대상으로 노후 수도관 교체와 상수도 현대화 사업 등 3개 분야 18개 항목에 걸쳐 수도사업 운영과 관리실태를 평가해 시상하는 제도입니다.\n오산시는 현장을 찾아가는 정책설명회를 비롯해 수독물 음용률 제고를 위한 온라인 홍보 등을 자체적으로 평가해 높은 점수를 받았습니다.\n수돗물 공급과정에 정보통신기술(ICT)을 활용한 감시체계를 구축하는 스마트 관망 관리 인프라 구축사업 등 정부 정책을 안정적으로 추진한 점도 이번 평가에 반영됐습니다.\n본 콘텐츠의 저작권은 제공처 또는 경인방송에 있으며 이를 무단 이용하는 경우 저작권법 등에 따라 법적책임을 질 수 있습니다.",
        "description": "<b>경기도</b> 오산시는 환경부가 주관한 '2021 수도사업 운영·관리실태 평가'에서 2년 연속 최우수 기관으로... 수독물 <b>음용률</b> 제고를 위한 온라인 홍보 등을 자체적으로 평가해 높은 점수를 받았습니다.<b>수돗물</b> 공급과정에... ",
        "title": "오산시, 상수도 운영·관리 평가서 2년 연속 '최우수'"
    },
    {
        "TEXT": "[아시아타임즈=강성규 기자] 오산시는 환경부가 실시한 2021 수도사업 운영·관리실태 평가에서 2년 연속 최우수기관으로 선정돼 인증패 및 포상금 2000만원을 수상했다고 17일 밝혔다.\n수도사업 운영·관리실태 평가는 환경부에서 전국 161개 수도사업자를 총인구 기준으로 5개 그룹으로 나누고, K-Water 7개 지역본부를 포함한 7개 그룹으로 분류 평가를 실시했다.\n1차 평가는 관할 유역(지방)환경청 별로 평가단을 구성해 전국 수도사업자 161개소를 대상으로 서류평가 및 현지 방문해 3개 분야 18개 항목 27개 세부항목에 대해 평가를 실시했으며, 최종평가는 환경부에서 유역(지방)환경청 별로 1차 평가한 결과를 토대로 종합·검증 및 정부정책에 대한 이행 노력을 평가했다.\n오산시는 기다리는 행정이 아니라, 적극적이고 능동적으로 현장을 찾아가는 정책설명회 및 고객간담회 실시, 코로나 상황 등을 감안한 수돗물 음용률 제고를 위한 온라인 대민홍보강화, 수돗물 유충대응 전국우수사례 소개 등으로 인한 자체 우수시책 시행과 지방상수도 현대화 사업을 통한 노후수도관 교체, 수돗물 공급과정에 ICT 기술의 감시체계를 구축하는 스마트관망관리 인프라 구축사업 등 정부정책의 안정적인 추진으로 높은 평가를 받아 최우수 수도사업자로 선정됐다.\n또한, 시는 최근 2년간 환경부 일반수도사업 운영관리 실태점검 2년 연속 최우수상 수상과 2년 주기로 실시하는 2021년 행안부 지방공기업 경영평가에서도 최우수 등급을 수상하는 등 상수도관련 전국단위 평가를 모두 석권하는 성과를 거뒀다.\n곽상욱 시장은 “오산시가 교육 분야에서 뿐만 아니라, 상수도 분야에서도 전국최고 수준에 도달하게 됐다”면서 “이번 성과에 만족하지 않고 더욱더 노력해 무엇보다도 시민들이 깨끗하고 맑은 물을 공급받아 마실 수 있도록 상수도행정에 만전을 기하겠다”고 말했다.\n오산남부장애인주간보호센터(센터장 권태연)와 오산시환경보전시민위원단(회장 박미순)이 오산시 지역 성인발달장애인들의 친환경적 활동의 이해와 지역사회 내 환경적 자립 및 참여를 위한 친환경 생활 환경교육 프로그램을 실시했다고 17일 밝혔다.\n오산남부장애인주간보호센터에서 운영 중인 발달장애인 대상 환경교육 프로그램에 오산시환경보전시민위원단의 협력으로 전문적이고 체계적인 교육을 제공했다.\n오산시환경보전시민위원단은 오산시 환경과 환경교육 17년 강사양성과정을 단원들이 수료해 지역의 환경교육에 앞장서서 환경교육하며 작년과 올해에 이어 장애인발달시설과 복지관 등 다양한 환경교육 활동을 하고 있다.\n지난 12월에는 두 기관이 함께 오산남부장애인주간보호센터 주변을 돌며 환경정화 프로그램을 진행했으며, 이를 통해 참여한 성인발달장애인들로 하여금 지역사회와 환경을 위해 할 수 있는 일들에 대해 알아가는 기회가 됐다. 또한, 함께 참여한 오산시환경보전시민위원단 참가자는 장애인, 비장애인 할 것 없이 환경을 위해서 누구나 배우고 함께 노력해야 함을 다시금 깨닫는 시간이었다.\n곽상욱 시장은 “오산시환경보전시민위원단에 감사드리며, 지역사회가 앞장서서 발달장애인들이 스스로 할 수 있는 환경을 만드는 것이 무엇보다 중요하다”면서 “여러 기관과의 장애인 복지서비스 협력으로 사회통합을 위한 교류 활성화에 적극 노력하겠다”고 밝혔다. \n오산시 남촌동은 연말을 맞아 취약계층을 돕기 위한 후원금 기부 행렬이 잇따르고 있다고 17일 밝혔다.\n지난 2일 대한전문건설협회 경기도회 오산시운영위원회의 기부를 시작으로 7일 궐동 소재 늘해랑어린이집, 9일에는 남촌동통장단협의회 직접 농사지은 고구마를 판매한 수익금을 기탁했으며, 13일에는 남촌동지역사회보장협의체와 남촌동지사협 최용진 부위원장의 기부가 이어졌다.\n또한, 지난 16일에는 남촌동지사협 김미연 위원이 50만원을, 남촌동주민자치위원회(위원장 이천우)에서 300만원을 기탁했다.\n최원배 남촌동장은 “코로나19의 장기화로 어려움을 겪고 있는 어려운 이웃과 저소득 취약계층을 위해 후원해준 후원자분들께 감사드린다”면서 “저소득층의 욕구를 충족할 수 있는 다양한 맞춤형 복지사업 운영을 통해 복지사각지대를 발굴하고 지원하도록 노력하겠다”고 말했다.\n한편, 기탁된 후원금은 남촌동에서 운영하는 저소득 취약계층을 위한 밑반찬 지원사업 ‘매주맛나반찬’, 안부확인사업 ‘해피박스’, 식생활지원 ‘행복나누리 냉장고’등 다양한 동 복지 특화사업에 사용될 예정이다.\n- 건전한 토론문화를 위해, 타인에게 불쾌감을 주는 욕설/비방/허위/명예훼손/도배 등의 댓글은 표시가 제한됩니다.",
        "description": "감안한 <b>수돗물 음용률</b> 제고를 위한 온라인 대민홍보강화, <b>수돗물</b> 유충대응 전국우수사례 소개 등으로 인한... 지난 2일 대한전문건설협회 <b>경기도</b>회 오산시운영위원회의 기부를 시작으로 7일 궐동 소재 늘해랑어린이집... ",
        "title": "[17일 오산시 소식]2년 연속 상수도행정 최우수도시 선정 등"
    },
    {
        "TEXT": "",
        "description": "'수도사업 운영·관리실태 평가' 2년 연속 최우수, 행안부 공기업 경영평가도 최우수 <b>경기도</b> 오산시가 환경부... 감안한 <b>수돗물 음용률</b> 온라인 홍보강화 등 우수시책 시행과 노후수도관 교체, <b>수돗물</b> 공급 스마트관망관리... ",
        "title": "오산시, 상수도행정 전국 최우수기관 선정"
    },
    {
        "TEXT": "[컨슈머타임스 안우진 기자] 한국수자원공사(사장 박재현)는 여주시(시장 이항진)와 함께 지난 12월 10일 경기도 여주시 여주시청에서 시민들의 먹는 물 안전 강화와 음용률 향상을 위해 '스마트 관망관리 인프라 구축 및 스마트 음수부스 설치 시범사업을 위한 통합 위수탁 협약'을 체결했다.\n'스마트 관망관리 인프라 구축사업'은 기존의 상수도 인프라에 실시간 원격 분석 및 확인이 가능한 최신 정보통신기술(ICT)을 접목해 새로운 스마트 물관리 체계를 구축하는 사업이다.\n이를 통해 수돗물의 생산부터 공급까지 전 과정의 수질과 수량 등을 실시간으로 확인해 수질 이상이 확산되는 것을 사전에  예방하고 수도관 파손 등 사고 발생 시 사고 지점을 정확하게 알려주어 더욱 신속한 대응이 가능하다.\n협약 체결에 따라 △한국수자원공사는 스마트 인프라 및 스마트 음수부스 설치와 기술컨설팅을 지원하고 △여주시는 설치 대상지 선정과 인허가, 예산확보를 담당하게 된다.\n이번 협약으로 양 기관은 내년 1월부터 12월까지 사업을 추진해 수질 관리 및 위기 대응을 위한 수질자동측정장치와 정밀여과장치, 재염소투입설비 및 오염수를 자동으로 배출하는 자동드레인장치 등을 여주시 수도관망에 설치할 계획이다.\n아울러 스마트 음수부스 설치하는 시범사업도 진행한다. 이는 수돗물 안전성 홍보를 위한 대형 디스플레이, 실시간 수질정보제공, 동파방지 등의 기능을 갖춘 '스마트 음수대'를 포함해 텀블러 세척기와 공기청정기 등을 한곳에 통합한 것으로 여주시청에 시범설치해 시민들의 '도심속 디지털 약수터'로서 활용될 것으로 전망하고 있다.\n오봉록 한국수자원공사 수도부문이사는 \"이번 사업을 통해 여주시와 협력해 한층 강화된 수도 서비스를 제공할 수 있게 될 것\"이라며 \"물관리 전문 공기업으로서 국민이 믿고 마실 수 있는 깨끗하고 안전한 수돗물을 제공하는 소임에 최선을 다하겠다\"고 말했다.",
        "description": "10일 <b>경기도</b> 여주시 여주시청에서 시민들의 먹는 물 안전 강화와 <b>음용률</b> 향상을 위해 '스마트 관망관리... 이를 통해 <b>수돗물</b>의 생산부터 공급까지 전 과정의 수질과 수량 등을 실시간으로 확인해 수질 이상이 확산되는 것을... ",
        "title": "한국수자원공사, 여주시와 '먹는 물 안전 강화' 나서"
    },
    {
        "TEXT": "[금강일보 정은한 기자] K-water는 경기도 여주시(시장 이항진)와 함께 지난 10일 여주시청에서 시민들의 먹는 물 안전 강화와 음용률 향상을 위해 ‘스마트 관망관리 인프라 구축 및 스마트 음수부스 설치 시범사업을 위한 통합 위수탁 협약’을 체결했다.\n‘스마트 관망관리 인프라 구축사업’은 기존의 상수도 인프라에 실시간 원격 분석 및 확인이 가능한 최신 정보통신기술(ICT)을 접목해 새로운 스마트 물관리 체계를 구축하는 사업이다. 이를 통해 수돗물의 생산부터 공급까지 전 과정의 수질과 수량 등을 실시간으로 확인해 수질 이상이 확산되는 것을 사전에 예방하고, 수도관 파손 등 사고 발생 시 사고 지점을 정확하게 알려줘 더욱 신속한 대응이 가능하다.\n협약 체결에 따라 K-water는 스마트 인프라 및 스마트 음수부스 설치와 기술컨설팅을 지원하고, 여주시는 설치 대상지 선정과 인허가, 예산확보를 담당한다. 내년 1월부터 12월까지 사업을 추진해 수질 관리 및 위기 대응을 위한 수질자동측정장치와 정밀여과장치, 재염소투입설비 및 오염수를 자동으로 배출하는 자동드레인장치 등을 여주시 수도관망에 설치할 계획이다.\n아울러 스마트 음수부스 설치하는 시범사업도 진행한다. 이는 수돗물 안전성 홍보를 위한 대형 디스플레이, 실시간 수질정보제공, 동파방지 등의 기능을 갖춘 ‘스마트 음수대’를 포함해 텀블러 세척기와 공기청정기 등을 한 곳에 통합한 것으로 여주시청에 시범설치해 시민들의 ‘도심속 디지털 약수터’로 활용된다.",
        "description": "K-water는 <b>경기도</b> 여주시(시장 이항진)와 함께 지난 10일 여주시청에서 시민들의 먹는 물 안전 강화와 <b>음용률</b>... 이를 통해 <b>수돗물</b>의 생산부터 공급까지 전 과정의 수질과 수량 등을 실시간으로 확인해 수질 이상이... ",
        "title": "K-water, 여주시와 함께 먹는 물 안전 강화"
    },
    {
        "TEXT": "",
        "description": "한국수자원공사는 여주시와 함께 10일 <b>경기도</b> 여주시청에서 먹는 물 안전을 강화하고 <b>음용률</b>을 높이기 위해... <b>수돗물</b>의 생산부터 공급까지 전 과정의 수질과 수량 등을 실시간으로 확인해 수질 이상이 퍼지지 않게 예방할... ",
        "title": "수자원공사-여주시, 먹는 물 안전 강화 나서"
    },
    {
        "TEXT": "[비지니스코리아=윤영실 기자] 한국수자원공사는 여주시와 함께 10일 오후 4시 경기도 여주시 여주시청에서 시민들의 먹는 물 안전 강화와 음용률 향상을 위해 ‘스마트 관망관리 인프라 구축 및   스마트 음수부스 설치 시범사업을 위한 통합 위수탁 협약’을 체결했다.\n‘스마트 관망관리 인프라 구축사업’은 기존의 상수도 인프라에 실시간 원격 분석 및 확인이 가능한 최신 정보통신기술(ICT)을 접목하여 새로운 스마트 물관리 체계를 구축하는 사업이다.\n이를 통해 수돗물의 생산부터 공급까지 전 과정의 수질과 수량 등을 실시간으로 확인하여 수질 이상이 확산되는 것을 사전에  예방하고, 수도관 파손 등 사고 발생 시 사고 지점을 정확하게 알려주어 더욱 신속한 대응이 가능하다.\n협약 체결에 따라 ▲한국수자원공사는 스마트 인프라 및 스마트 음수부스 설치와 기술컨설팅을 지원하고 ▲여주시는 설치 대상지 선정과 인허가, 예산확보를 담당하게 된다.\n이번 협약으로 양 기관은 내년 1월부터 12월까지 사업을 추진하여 수질 관리 및 위기 대응을 위한 수질자동측정장치와 정밀여과장치, 재염소투입설비 및 오염수를 자동으로 배출하는 자동드레인장치 등을 여주시 수도관망에 설치할 계획이다.\n아울러, 스마트 음수부스 설치하는 시범사업도 진행한다. 이는 수돗물 안전성 홍보를 위한 대형 디스플레이, 실시간 수질정보제공, 동파방지 등의 기능을 갖춘 ‘스마트 음수대’를 포함해 텀블러 세척기와 공기청정기 등을 한곳에 통합한 것으로 여주시청에 시범설치하여 시민들의 ‘도심속 디지털 약수터’로서 활용될 것으로 전망하고 있다.\n오봉록 한국수자원공사 수도부문이사는 “이번 사업을 통해 여주시와 협력하여 한층 강화된 수도 서비스를 제공할 수 있게 될 것”이라며, “물관리 전문 공기업으로서 국민이 믿고 마실 수 있는 깨끗하고 안전한 수돗물을 제공하는 소임에 최선을 다하겠다”라고 말했다.\r\n ",
        "description": "4시 <b>경기도</b> 여주시 여주시청에서 시민들의 먹는 물 안전 강화와 <b>음용률</b> 향상을 위해 '스마트 관망관리... 통해 <b>수돗물</b>의 생산부터 공급까지 전 과정의 수질과 수량 등을 실시간으로 확인하여 수질 이상이 확산되는 것을... ",
        "title": "한국수자원공사, 여주시와 위수탁협약 체결"
    },
    {
        "TEXT": "경기도 파주시는 환경부에서 실시한 2021년 수도시설 운영·관리 실태 종합평가에서 본선에 진출했다고 25일 밝혔다.\n일반수도사업 운영·관리실태 평가는 경쟁력 있는 상수도 시스템을 구축하고 운영·관리의 효율성을 높이기 위해 수도시설을 운영하는 전국 지자체 161곳과 광역 상수도를 운영하는 한국수자원공사 지역권역 7곳 등 168개소를 대상으로 매년 진행한다.\n시는 1차 기본평가에서 상수도 인력의 전문성 확보, 위기 및 안전관리 대응능력, 정수시설 운영관리 등 상수도 운영·관리의 전반적인 부분에서 높은 점수를 받았다.\n특히 올해는 최종환 시장이 페이스북을 통해 시민과 소통하면서 수돗물 안전성을 직접 홍보하는 등 수돗물에 대한 시민의 불안감을 해소하기 위해 나선 것이 긍정적으로 평가 받아 본선에 진출하는 쾌거를 이뤘다.\n지난해부터 시작된 2차 종합평가는 1차 평가결과 상위 20%에 해당하는 34곳을 대상으로 진행한다. 주민의 수돗물 만족도 및 음용률 향상을 위해 차별화된 고품질 수도 서비스 제공 노력과 정부정책 이행 노력을 중점적으로 살피고, 별도의 심의위원회에서 지자체의 프레젠테이션을 평가한 후 12월에 최종 순위를 확정한다.\n최종환 시장은 “앞으로도 수도시설 확충 및 개선, 노후 관로 개량 등을 통해 시민 모두 안심하고 마실 수 있는 깨끗한 물 공급을 위해 최선을 다하겠다”고 말했다.",
        "description": "<b>경기도</b> 파주시는 환경부에서 실시한 2021년 수도시설 운영·관리 실태 종합평가에서 본선에 진출했다고 25일... 주민의 <b>수돗물</b> 만족도 및 <b>음용률</b> 향상을 위해 차별화된 고품질 수도 서비스 제공 노력과 정부정책 이행... ",
        "title": "파주, 환경부 수도사업 운영.관리실태 평가 본선 진출"
    },
    {
        "TEXT": "",
        "description": "낮은 <b>음용률</b>을 지적하며 아리수 안전성 확보에 대해 대책마련을 촉구했다고 5일 밝혔다. 서울시의 아리수... 또한 <b>경기도</b>에서 상수도 관련 공무원 대상으로 조사결과, 10%만 <b>수돗물</b> 그대로 음용으로 나타나 <b>수돗물</b>에... ",
        "title": "김기대 서울시의원, 아리수 안전성 확보 대책마련 촉구"
    },
    {
        "TEXT": "김기대 서울시의원은 아리수에 대한 시민들의 낮은 신뢰도, OECD 선진국에 비해 낮은 음용률을 지적하며, 아리수 안전성 확보에 대해 대책마련을 촉구했다.\n5일 김기대 의원에 따르면 서울시의 아리수 음용률은 36.5%로 OECD 선진국의 50%에 한참 못 미치는 수준이다. 또한 최근 환경부의 2021년 수돗물 먹는 실태조사 결과, ‘수돗물 정수기 설치 후 마신다’가 49.5%로 나타났으며, ‘생수를 구매해서 먹는다’는 32.9% 되는 것으로 조사되었다. 또한 경기도에서 상수도 관련 공무원 대상으로 조사결과, 10%만 수돗물 그대로 음용으로 나타나 수돗물에 대한 안전성 대책이 시급하다.\n김 의원은 지난 유충사태나 붉은 수돗물 사건으로 가정에서 세면대․싱크대 수도꼭지와 샤워기에 수돗물 필터를 설치하고 있으며, 이로 인해 필터 시장이 급격히 증가하고 있다고 지적했다. 안전한 아리수라면 필터비용을 따로 지출하지 않아도 되는데 그만큼 시민에게 가계부담을 주고 있다고 강조했다.\n또한 가정에서 직접 3개월간 사용한 샤워기의 수돗물 필터를 준비해 얼룩과 검은 이물질의 성분에 대해 질의했으며, 답변 담당자도 가정에서 수돗물 필터를 사용하고 있는 것으로 답변해 담당자도 신뢰하지 않는 아리수라고 지적했다.\n김 의원은 “물은 사람이 사는 데 없어서는 안되는 중요한 환경이며, 특히 서울시의 상수도 보급률은 100%로 세계적인 수준인데, 이렇게 누구나 쓰는 수돗물을 신뢰할 수 없다는 것이 안타깝다. 안전하게 사용하고 마실 수 있는 아리수가 되도록 대책을 조속히 강구해 시민들에 보급하기 바란다”고 강력하게 촉구했다.",
        "description": "김기대 서울시의원은 아리수에 대한 시민들의 낮은 신뢰도, OECD 선진국에 비해 낮은 <b>음용률</b>을 지적하며... 또한 <b>경기도</b>에서 상수도 관련 공무원 대상으로 조사결과, 10%만 <b>수돗물</b> 그대로 음용으로 나타나 <b>수돗물</b>에 대한... ",
        "title": "김기대 시의원, 아리수 신뢰 저하 대책 마련 촉구"
    },
    {
        "TEXT": "코로나19 장기화에 따라 위생과 건강에 대한 국민들의 관심이 증가하고 있다. 국민의 보건관리에 핵심이 되는 수돗물 공급 관리가 더욱 중요해지는 이유다.\n그러나 지난 2019년 인천에 피해를 입혔던 붉은 수돗물 사태, 2020년에는 수돗물에 깔다구 유충이 섞여 나오는 일이 잇따라 터지며 수돗물에 대한 불신이 지속되고 있다.\n특히 경남도민들은 낙동강 표류수를 주 원수로 사용하는데 지난달 19일 녹조가 번식한 낙동강물로 키운 상추에서 남세균 독소인 마이크로시스틴이 축적된 것이 발표되는 등 녹조 독성에 대한 우려까지 깊어지고 있다.\n이에 대해 정부는 수돗물 공급·관리 과정에 정보통신, ICT 기술 등을 도입한 ‘스마트 상수도 관리체계 구축사업(스마트 관망관리)’을 통해 수돗물 안전성과 수질문제 해결을 추진하고 있다.\n과거 누수를 잡는 데 주력했던 관망관리가 수질관리로 초점을 옮겨 가고 있는 것이다.\n스마트 관망관리는 4차 산업혁명을 통해 개발된 다양한 혁신 제품과 기술을 상수도 관망에 적용하는 사업으로 물산업 발전은 물론 지역 내 경제 활성화와 일자리 창출에도 도움이 될 것으로 기대되고 있다.\n이에 2편에 걸쳐 도내 지자체에 추진되고 있는 스마트 상수도 관망관리 현황과 성과에 대해 알아본다.\n2019년 상수도 통계에 따르면, 우리나라의 상수도 보급률은 97%, 경남은 95%로 국민 대다수가 수돗물의 혜택을 누리고 있다. 그러나 상수도 관리 선진국은 비단 상수도 보급률만으로 정의되지 않는다. 양적인 성장과 더불어 질적인 성장을 이뤄야 수돗물이 신뢰받는 수도관리 선진국으로 인정받을 수 있지만 우리나라는 아직 수돗물에 대한 불신이 깊다. 수돗물 불신은 음용률 수치로 드러나는데 2017년 조사에 따르면 경남 수돗물 음용률은 43.5%로 직접 마신다는 응답은 7.2%에 불과했다.\n불신을 야기한 붉은 수돗물 사태는 수계전환 매뉴얼을 지키지 않고 수질의 탁함 정도를 측정하는 탁도계 고장 등에서 기인했으며 정수장 깔따구 유충 사태도 물을 정화하는 활성탄 세척이 제때 되지 않으면서 활성탄에 쌓인 유기물에 깔다구가 유충을 낳으면서 생긴 것으로 밝혀지는 등 둘 다 운영관리에서 허점이 드러났다. 상수도 운영관리가 더욱 중요해지는 이유다.\n우리나라는 상수도 인프라 건설에 우수한 기술들을 다수 보유하고 있으며, 특히 세계 최고 수준의 통신망과 함께 디지털 센서, 네트워크, AI 등 혁신 제품에 대한 개발이 지속적으로 이루어지고 있어 상수도 공급 관리 분야에서도 성장 잠재력이 높다. 따라서 앞으로 상수도 관리정책은 노후관 교체 위주의 누수저감 정책에서 정보통신 기술을 활용한 스마트 관망관리를 통해 수량과 수질을 동시에 관리하는 정책으로 변모될 것이다.\n스마트 관망관리는 수돗물 수질사고 발생을 방지하고 국민이 안심하고 수돗물을 마실 수 있도록 수질·수압 감시장치, 실시간 모니터링 시스템을 구축하고 자동배수설비, 정밀여과장치 등을 관망에 설치해서 사고에 신속하게 대응하는 관리체계를 의미한다. 특히 스마트 관망관리는 관로에서 수도꼭지까지 수돗물의 수질, 수량 정보를 실시간으로 공개해 수돗물에 대한 대국민 신뢰를 높이기 위한 소비자 맞춤형 서비스를 제공한다.\n스마트 관망관리의 개념과 도입 필요성은 오래전부터 논의돼 왔으나 관련 장비와 네트워크 인프라의 부족, 기술의 한계로 본격화되지 못했다. 그러나 최근 디지털 센서 등 스마트 기술의 발달과 함께 우리나라가 갖춘 정보통신망의 강점을 살릴 수 있는 지금이 스마트 관망관리 도입의 최적기라는 평가가 많다.\n스마트 관망관리는 실시간으로 수질을 측정해 오염물질이 유입될 때에는 자동으로 배출 및 관 세척을 하는 등 노후관 교체를 대체할 수 있는 기술들을 제안한다. 노후관이 적수의 원인이 되는 것은 맞지만 노후관 교체가 능사가 아니라는 것이다. 대표적인 예로 상수도 선진국인 미국에서도 100년 이상 된 관로가 다수 활용되고 있다. 따라서 업계에서도 노후관 개량과 더불어 스마트 관망관리의 도입으로 상수도 공급관리를 더욱 효율화하는 것이 주효할 것으로 보고 있다.\n\n전국 상수도 보급률 97%경남도 95% 달하지만수돗물 음용률은 43.5%“직접 마신다” 7.2% 불과붉은 수돗물·깔다구 등운영관리 불신 깊어\n\n\nICT기술 적용한 관망관리실시간 수질·수량 측정소비자 맞춤형 서비스 제공함안 등 도내 지자체 9곳내년 추가 구축 예정더욱 깨끗한 물 공급 기대\n\n환경부는 전국 지자체를 대상으로 2020년부터 2022년까지 3년간 1조3000억원을 투입해 스마트 관망관리를 구축하겠다는 계획을 발표했다. 실제 대상에 선정된 지자체는 2020년 44개, 2021년 77개, 2022년 40개로 총 161개 지자체로 이 가운데 경남에서는 2020년 창원, 김해, 밀양, 사천, 합천을 시작으로 2021년 진주, 양산, 통영, 거제 등 4개 지자체에 도입을 추진하고 있으며, 2022년에는 함안, 고성, 남해, 함양, 거창, 의령, 창녕, 하동, 산청 등 9개 지자체에 추가로 사업을 시행할 예정이다. 전체 사업비는 약 1102억원으로 약 3년에 걸쳐 진행되며 이 가운데 5개 지자체는 물관리 전문 공기업인 K-water에 사업을 위탁해 추진하고 있다.\nK-water 부울경지역협력본부 스마트관망관리 총괄 류형창 차장은 “과거 K-water와 스마트워터시티 시범사업을 진행했던 경기도 파주시의 경우 3년간 스마트 관망관리 사업을 통해 약 1%에 불과하던 수돗물 직접 음용률이 36.3%까지 향상된 사례가 있으며 도내에서도 상수도 현대화 사업을 위탁 추진 중인 함양군과 함안군의 누수율을 40%대에서 10%로 저감하는 등 상수도 관리에 전문성을 인정받고 있다”며 “특히 누수를 잡는 관망 현대화 사업과 같이 진행한 곳들은 공사비를 절감하고 수질을 개선하는 등 시너지 효과도 있어 해당 시군민들에 더욱 깨끗한 물을 제공할 수 있을 것으로 기대한다”고 말했다.",
        "description": "K-water 부울경지역협력본부 스마트관망관리 총괄 류형창 차장은 “과거 K-water와 스마트워터시티 시범사업을 진행했던 <b>경기도</b> 파주시의 경우 3년간 스마트 관망관리 사업을 통해 약 1%에 불과하던 <b>수돗물</b> 직접 <b>음용률</b>이... ",
        "title": "[경제기획] 스마트 관망관리 (1) 변화하는 상수도 공급관리"
    },
    {
        "TEXT": "",
        "description": "<b>경기도</b> 파주시 파주읍 : 밥할 때 그리고 국, 찌게 끓일 때 쓰고요. 양치할 때, 물 마실 때, 아이들도 보리차를 끓여다 주고 그러긴 해요.] 파주에서는 최 씨처럼 시민 절반이 <b>수돗물</b>을 마십니다. 지난 2014년 <b>수돗물 음용률</b>... ",
        "title": "&quot;국민 3명 가운데 1명 <b>수돗물</b> 마신다&quot;"
    }
]