[
    {
        "pH(-)": 7.19,
        "냄새": "무취",
        "맛": "무미",
        "색도(도)": 1,
        "잔류염소(mg/L)": 0.69,
        "정수장명": "문산정수장",
        "지자체명": "파주시",
        "측정일자": 20200107,
        "탁도(NTU)": "0.040"
    },
    {
        "pH(-)": 7.21,
        "냄새": "무취",
        "맛": "무미",
        "색도(도)": 1,
        "잔류염소(mg/L)": 0.72,
        "정수장명": "문산정수장",
        "지자체명": "파주시",
        "측정일자": 20200106,
        "탁도(NTU)": "0.040"
    },
    {
        "pH(-)": 7.27,
        "냄새": "무취",
        "맛": "무미",
        "색도(도)": 1,
        "잔류염소(mg/L)": 0.74,
        "정수장명": "문산정수장",
        "지자체명": "파주시",
        "측정일자": 20200105,
        "탁도(NTU)": "0.040"
    },
    {
        "pH(-)": 7.36,
        "냄새": "무취",
        "맛": "무미",
        "색도(도)": 1,
        "잔류염소(mg/L)": 0.75,
        "정수장명": "문산정수장",
        "지자체명": "파주시",
        "측정일자": 20200104,
        "탁도(NTU)": "0.040"
    },
    {
        "pH(-)": 7.36,
        "냄새": "무취",
        "맛": "무미",
        "색도(도)": 1,
        "잔류염소(mg/L)": 0.75,
        "정수장명": "문산정수장",
        "지자체명": "파주시",
        "측정일자": 20200103,
        "탁도(NTU)": "0.040"
    },
    {
        "pH(-)": 7.35,
        "냄새": "무취",
        "맛": "무미",
        "색도(도)": 1,
        "잔류염소(mg/L)": 0.79,
        "정수장명": "문산정수장",
        "지자체명": "파주시",
        "측정일자": 20200102,
        "탁도(NTU)": "0.040"
    },
    {
        "pH(-)": 7.34,
        "냄새": "무취",
        "맛": "무미",
        "색도(도)": 1,
        "잔류염소(mg/L)": 0.75,
        "정수장명": "문산정수장",
        "지자체명": "파주시",
        "측정일자": 20200101,
        "탁도(NTU)": "0.040"
    }
]