[
    {
        "과망간산칼륨소비량(mg/L)": "2.20",
        "대장균/분원성대장균(/100mL)": "불검출",
        "암모니아성질소(mg/L)": 0,
        "일반세균(CFU/mL)": 0,
        "정수장명": "문산정수장",
        "증발잔류물(mg/L)": 190,
        "지자체명": "파주시",
        "질산성질소(mg/L)": 3.8,
        "총대장균군(/100mL)": "불검출",
        "측정일자": 20200120
    },
    {
        "과망간산칼륨소비량(mg/L)": "2.00",
        "대장균/분원성대장균(/100mL)": "불검출",
        "암모니아성질소(mg/L)": 0,
        "일반세균(CFU/mL)": 0,
        "정수장명": "문산정수장",
        "증발잔류물(mg/L)": 170,
        "지자체명": "파주시",
        "질산성질소(mg/L)": 3.5,
        "총대장균군(/100mL)": "불검출",
        "측정일자": 20200113
    },
    {
        "과망간산칼륨소비량(mg/L)": "2.10",
        "대장균/분원성대장균(/100mL)": "불검출",
        "암모니아성질소(mg/L)": 0,
        "일반세균(CFU/mL)": 0,
        "정수장명": "문산정수장",
        "증발잔류물(mg/L)": 260,
        "지자체명": "파주시",
        "질산성질소(mg/L)": 3.6,
        "총대장균군(/100mL)": "불검출",
        "측정일자": 20200106
    }
]