[
    {
        "1,1,1-트리클로로에탄(mg/L)": "불검출",
        "1,1디클로로에틸렌(mg/L)": "불검출",
        "1,2-디브로모-3-클로로프로판(mg/L)": "불검출",
        "1,4-다이옥산(mg/L)": "불검출",
        "경도(mg/L)": 64,
        "과망간산칼륨소비량(mg/L)": 1.8,
        "구리(Cu) (mg/L)": "불검출",
        "납(Pb)(mg/L)": "불검출",
        "냄새(무취)": "없음",
        "다이아지논(mg/L)": "불검출",
        "대장균(E.coil) (/100mL)": "불검출",
        "디브로모아세토니트릴(mg/L)": "불검출",
        "디브로모클로로메탄(mg/L)": "불검출",
        "디클로로메탄(mg/L)": "불검출",
        "디클로로아세토니트릴(mg/L)": 0.0016,
        "맛(무미)": "없음",
        "망간(Mn) (mg/L)": "불검출",
        "벤젠(mg/L)": "불검출",
        "보론(B) (mg/L)": 0.02,
        "불소(F) (mg/L)": "불검출",
        "브로모디클로로메탄(mg/L)": "0.007",
        "브롬산염(mg/L)": "불검출",
        "비소(mg/L)": "불검출",
        "사염화탄소(mg/L)": "불검출",
        "색도(도) (mg/L)": "불검출",
        "세제(음이온계면활성제:ABS) (mg/L)": "불검출",
        "셀레늄(Se) (mg/L)": "불검출",
        "수소이온농도(pH)": 7.2,
        "수은(Hg) (mg/L)": "불검출",
        "시안(CN) (mg/L)": "불검출",
        "아연(Zn) (mg/L)": 0.016,
        "알루미늄(Al) (mg/L)": "불검출",
        "암모니아성질소(mg/L)": "불검출",
        "에틸벤젠(mg/L)": "불검출",
        "염소이온(mg/L)": 55.8,
        "일반세균(CFU/mL)": 0,
        "잔류염소(mg/L)": 0.75,
        "정수장명": "문산정수장",
        "증발잔류물(Totalsolids) (mg/L)": 212,
        "지자체명": "파주시",
        "질산성질소(mg/L)": 2.6,
        "철(Fe) (mg/L)": "불검출",
        "총대장균군(/100mL)": "불검출",
        "총트리할로메탄(THMs) (mg/L)": 0.021,
        "측정일자": 202003,
        "카드뮴(Cd) (mg/L)": "불검출",
        "카바릴(mg/L)": "불검출",
        "크롬(Cr) (mg/L)": "불검출",
        "크실렌(mg/L)": "불검출",
        "클로랄하이드레이트(CH) (mg/L)": 0.0018,
        "클로로포름(mg/L)": 0.014,
        "탁도(Turbidity) (NTU)": 0.05,
        "테트라클로로에틸렌(PCE) (mg/L)": "불검출",
        "톨루엔(mg/L)": "불검출",
        "트리클로로아세토니트릴(mg/L)": "불검출",
        "트리클로로에틸렌(TCE) (mg/L)": "불검출",
        "파라티온(mg/L)": "불검출",
        "페놀(mg/L)": "불검출",
        "페니트로티온(mg/L)": "불검출",
        "포름알데히드(mg/L)": "불검출",
        "할로아세틱에시드(HAAs) (mg/L)": 0.017,
        "황산이온(mg/L)": 34
    },
    {
        "1,1,1-트리클로로에탄(mg/L)": "불검출",
        "1,1디클로로에틸렌(mg/L)": "불검출",
        "1,2-디브로모-3-클로로프로판(mg/L)": "불검출",
        "1,4-다이옥산(mg/L)": "불검출",
        "경도(mg/L)": 86,
        "과망간산칼륨소비량(mg/L)": 2.3,
        "구리(Cu) (mg/L)": "불검출",
        "납(Pb)(mg/L)": "불검출",
        "냄새(무취)": "없음",
        "다이아지논(mg/L)": "불검출",
        "대장균(E.coil) (/100mL)": "불검출",
        "디브로모아세토니트릴(mg/L)": "불검출",
        "디브로모클로로메탄(mg/L)": "불검출",
        "디클로로메탄(mg/L)": "불검출",
        "디클로로아세토니트릴(mg/L)": 0.0012,
        "맛(무미)": "없음",
        "망간(Mn) (mg/L)": "불검출",
        "벤젠(mg/L)": "불검출",
        "보론(B) (mg/L)": 0.02,
        "불소(F) (mg/L)": "불검출",
        "브로모디클로로메탄(mg/L)": "0.005",
        "브롬산염(mg/L)": "불검출",
        "비소(mg/L)": "불검출",
        "사염화탄소(mg/L)": "불검출",
        "색도(도) (mg/L)": "불검출",
        "세제(음이온계면활성제:ABS) (mg/L)": "불검출",
        "셀레늄(Se) (mg/L)": "불검출",
        "수소이온농도(pH)": 7.1,
        "수은(Hg) (mg/L)": "불검출",
        "시안(CN) (mg/L)": "불검출",
        "아연(Zn) (mg/L)": "0.020",
        "알루미늄(Al) (mg/L)": "불검출",
        "암모니아성질소(mg/L)": "불검출",
        "에틸벤젠(mg/L)": "불검출",
        "염소이온(mg/L)": 58.3,
        "일반세균(CFU/mL)": 0,
        "잔류염소(mg/L)": 0.65,
        "정수장명": "문산정수장",
        "증발잔류물(Totalsolids) (mg/L)": 246,
        "지자체명": "파주시",
        "질산성질소(mg/L)": 3.1,
        "철(Fe) (mg/L)": "불검출",
        "총대장균군(/100mL)": "불검출",
        "총트리할로메탄(THMs) (mg/L)": 0.016,
        "측정일자": 202002,
        "카드뮴(Cd) (mg/L)": "불검출",
        "카바릴(mg/L)": "불검출",
        "크롬(Cr) (mg/L)": "불검출",
        "크실렌(mg/L)": "불검출",
        "클로랄하이드레이트(CH) (mg/L)": 0.0015,
        "클로로포름(mg/L)": 0.011,
        "탁도(Turbidity) (NTU)": 0.04,
        "테트라클로로에틸렌(PCE) (mg/L)": "불검출",
        "톨루엔(mg/L)": "불검출",
        "트리클로로아세토니트릴(mg/L)": "불검출",
        "트리클로로에틸렌(TCE) (mg/L)": "불검출",
        "파라티온(mg/L)": "불검출",
        "페놀(mg/L)": "불검출",
        "페니트로티온(mg/L)": "불검출",
        "포름알데히드(mg/L)": "불검출",
        "할로아세틱에시드(HAAs) (mg/L)": "0.008",
        "황산이온(mg/L)": 36
    },
    {
        "1,1,1-트리클로로에탄(mg/L)": "불검출",
        "1,1디클로로에틸렌(mg/L)": "불검출",
        "1,2-디브로모-3-클로로프로판(mg/L)": "불검출",
        "1,4-다이옥산(mg/L)": "불검출",
        "경도(mg/L)": 85,
        "과망간산칼륨소비량(mg/L)": 2,
        "구리(Cu) (mg/L)": "불검출",
        "납(Pb)(mg/L)": "불검출",
        "냄새(무취)": "없음",
        "다이아지논(mg/L)": "불검출",
        "대장균(E.coil) (/100mL)": "불검출",
        "디브로모아세토니트릴(mg/L)": "불검출",
        "디브로모클로로메탄(mg/L)": "불검출",
        "디클로로메탄(mg/L)": "불검출",
        "디클로로아세토니트릴(mg/L)": "0.0006",
        "맛(무미)": "없음",
        "망간(Mn) (mg/L)": "불검출",
        "벤젠(mg/L)": "불검출",
        "보론(B) (mg/L)": 0.02,
        "불소(F) (mg/L)": "불검출",
        "브로모디클로로메탄(mg/L)": "0.006",
        "브롬산염(mg/L)": "불검출",
        "비소(mg/L)": "불검출",
        "사염화탄소(mg/L)": "불검출",
        "색도(도) (mg/L)": "불검출",
        "세제(음이온계면활성제:ABS) (mg/L)": "불검출",
        "셀레늄(Se) (mg/L)": "불검출",
        "수소이온농도(pH)": 7.3,
        "수은(Hg) (mg/L)": "불검출",
        "시안(CN) (mg/L)": "불검출",
        "아연(Zn) (mg/L)": 0.017,
        "알루미늄(Al) (mg/L)": "불검출",
        "암모니아성질소(mg/L)": "불검출",
        "에틸벤젠(mg/L)": "불검출",
        "염소이온(mg/L)": 62.2,
        "일반세균(CFU/mL)": 0,
        "잔류염소(mg/L)": 0.71,
        "정수장명": "문산정수장",
        "증발잔류물(Totalsolids) (mg/L)": 257,
        "지자체명": "파주시",
        "질산성질소(mg/L)": 2.7,
        "철(Fe) (mg/L)": "불검출",
        "총대장균군(/100mL)": "불검출",
        "총트리할로메탄(THMs) (mg/L)": 0.014,
        "측정일자": 202001,
        "카드뮴(Cd) (mg/L)": "불검출",
        "카바릴(mg/L)": "불검출",
        "크롬(Cr) (mg/L)": "불검출",
        "크실렌(mg/L)": "불검출",
        "클로랄하이드레이트(CH) (mg/L)": "0.0006",
        "클로로포름(mg/L)": "0.008",
        "탁도(Turbidity) (NTU)": 0.04,
        "테트라클로로에틸렌(PCE) (mg/L)": "불검출",
        "톨루엔(mg/L)": "불검출",
        "트리클로로아세토니트릴(mg/L)": "불검출",
        "트리클로로에틸렌(TCE) (mg/L)": "불검출",
        "파라티온(mg/L)": "불검출",
        "페놀(mg/L)": "불검출",
        "페니트로티온(mg/L)": "불검출",
        "포름알데히드(mg/L)": "불검출",
        "할로아세틱에시드(HAAs) (mg/L)": "0.009",
        "황산이온(mg/L)": 41
    }
]