{"response":{"header":{"resultCode":"00","resultMsg":"NORMAL SERVICE."},"body":{"items":{"item":[{"sitecd":12013,"sitenm":"금당정수장"},{"sitecd":12116,"sitenm":"금일정수장"},{"sitecd":12015,"sitenm":"넙도정수장"},{"sitecd":12017,"sitenm":"대야정수장"},{"sitecd":12014,"sitenm":"보길정수장"},{"sitecd":12019,"sitenm":"생일정수장"},{"sitecd":12016,"sitenm":"소안정수장"},{"sitecd":12011,"sitenm":"약산정수장"},{"sitecd":12020,"sitenm":"용항정수장"},{"sitecd":12012,"sitenm":"청산정수장"}]}}}}