{"response":{"header":{"resultCode":"00","resultMsg":"NORMAL SERVICE."},"body":{"items":{"item":[{"sgccd":48310,"sgcnm":"거제시"},{"sgccd":47830,"sgcnm":"고령군"},{"sgccd":41610,"sgcnm":"광주시"},{"sgccd":43800,"sgcnm":"단양군"},{"sgccd":41250,"sgcnm":"동두천시"},{"sgccd":47920,"sgcnm":"봉화군"},{"sgccd":48240,"sgcnm":"사천시"},{"sgccd":41630,"sgcnm":"양주시"},{"sgccd":47900,"sgcnm":"예천군"},{"sgccd":46890,"sgcnm":"완도군"},{"sgccd":46900,"sgcnm":"진도군"},{"sgccd":47750,"sgcnm":"청송군"},{"sgccd":48220,"sgcnm":"통영시"},{"sgccd":41480,"sgcnm":"파주시"},{"sgccd":46860,"sgcnm":"함평군"}]}}}}