[
    {
        "기온": -3.4,
        "날씨": "맑음",
        "방류량(m3/d)": "4,252",
        "방류수BOD(mg/L)": 1.9,
        "방류수COD(mg/L)": 7.5,
        "방류수SS(mg/L)": 3,
        "방류수TN(mg/L)": 4.299,
        "방류수TP(mg/L)": 0.539,
        "방류수대장균수(개/ml)": 280,
        "수온": 15.6,
        "수질등록일자": "2021-01-01",
        "유입량(m3/d)": "4,176",
        "유입수BOD(mg/L)": 221.3,
        "유입수COD(mg/L)": 105,
        "유입수SS(mg/L)": 112.5,
        "유입수TN(mg/L)": 56.619,
        "유입수TP(mg/L)": 4.046,
        "유입수대장균수(개/ml)": "504,000",
        "하수도처리시설명": "능곡하수처리시설",
        "하수도처리시설코드": 90002
    },
    {
        "기온": -4.7,
        "날씨": "맑음",
        "방류량(m3/d)": "3,960",
        "방류수BOD(mg/L)": 2.7,
        "방류수COD(mg/L)": 7.4,
        "방류수SS(mg/L)": 3.4,
        "방류수TN(mg/L)": 5.176,
        "방류수TP(mg/L)": "0.560",
        "방류수대장균수(개/ml)": 280,
        "수온": 15.2,
        "수질등록일자": "2021-01-02",
        "유입량(m3/d)": "4,262",
        "유입수BOD(mg/L)": 318.8,
        "유입수COD(mg/L)": 150.2,
        "유입수SS(mg/L)": 272.5,
        "유입수TN(mg/L)": 70.752,
        "유입수TP(mg/L)": 6.345,
        "유입수대장균수(개/ml)": "560,000",
        "하수도처리시설명": "능곡하수처리시설",
        "하수도처리시설코드": 90002
    },
    {
        "기온": -4.9,
        "날씨": "흐림",
        "방류량(m3/d)": "3,942",
        "방류수BOD(mg/L)": 3,
        "방류수COD(mg/L)": 7.5,
        "방류수SS(mg/L)": 2.6,
        "방류수TN(mg/L)": 5.453,
        "방류수TP(mg/L)": 0.498,
        "방류수대장균수(개/ml)": 220,
        "수온": 15.7,
        "수질등록일자": "2021-01-03",
        "유입량(m3/d)": "4,140",
        "유입수BOD(mg/L)": 321.8,
        "유입수COD(mg/L)": 166.2,
        "유입수SS(mg/L)": 245,
        "유입수TN(mg/L)": 72.483,
        "유입수TP(mg/L)": 4.908,
        "유입수대장균수(개/ml)": "504,000",
        "하수도처리시설명": "능곡하수처리시설",
        "하수도처리시설코드": 90002
    },
    {
        "기온": -3,
        "날씨": "흐림",
        "방류량(m3/d)": "4,280",
        "방류수BOD(mg/L)": 3.2,
        "방류수COD(mg/L)": 8.2,
        "방류수SS(mg/L)": 3.9,
        "방류수TN(mg/L)": 6.168,
        "방류수TP(mg/L)": 0.652,
        "방류수대장균수(개/ml)": 220,
        "수온": 14.4,
        "수질등록일자": "2021-01-04",
        "유입량(m3/d)": "4,315",
        "유입수BOD(mg/L)": 277.5,
        "유입수COD(mg/L)": 232.6,
        "유입수SS(mg/L)": 207.5,
        "유입수TN(mg/L)": 54.023,
        "유입수TP(mg/L)": 3.835,
        "유입수대장균수(개/ml)": "448,000",
        "하수도처리시설명": "능곡하수처리시설",
        "하수도처리시설코드": 90002
    },
    {
        "기온": -5.6,
        "날씨": "흐림",
        "방류량(m3/d)": "3,784",
        "방류수BOD(mg/L)": 4.3,
        "방류수COD(mg/L)": 8.5,
        "방류수SS(mg/L)": 3.2,
        "방류수TN(mg/L)": 2.835,
        "방류수TP(mg/L)": 0.399,
        "방류수대장균수(개/ml)": 280,
        "수온": 13.6,
        "수질등록일자": "2021-01-05",
        "유입량(m3/d)": "4,220",
        "유입수BOD(mg/L)": 219,
        "유입수COD(mg/L)": 391.4,
        "유입수SS(mg/L)": 330,
        "유입수TN(mg/L)": "50.930",
        "유입수TP(mg/L)": 6.911,
        "유입수대장균수(개/ml)": "560,000",
        "하수도처리시설명": "능곡하수처리시설",
        "하수도처리시설코드": 90002
    },
    {
        "기온": -7.1,
        "날씨": "맑음",
        "방류량(m3/d)": "3,891",
        "방류수BOD(mg/L)": 2.5,
        "방류수COD(mg/L)": 7.9,
        "방류수SS(mg/L)": 3.5,
        "방류수TN(mg/L)": 3.565,
        "방류수TP(mg/L)": 0.523,
        "방류수대장균수(개/ml)": 220,
        "수온": 13.7,
        "수질등록일자": "2021-01-06",
        "유입량(m3/d)": "4,169",
        "유입수BOD(mg/L)": 210.6,
        "유입수COD(mg/L)": 134,
        "유입수SS(mg/L)": 757.5,
        "유입수TN(mg/L)": 70.028,
        "유입수TP(mg/L)": 9.732,
        "유입수대장균수(개/ml)": "560,000",
        "하수도처리시설명": "능곡하수처리시설",
        "하수도처리시설코드": 90002
    }
]